name,price,rr
"POCO C31 (Royal Blue, 64 GB)","₹9,499","2,12,742 Ratings & 13,426 Reviews"
"POCO C31 (Royal Blue, 32 GB)","₹8,499","1,39,876 Ratings & 8,817 Reviews"
"POCO C31 (Shadow Gray, 64 GB)","₹9,499","2,12,742 Ratings & 13,426 Reviews"
"POCO C55 (Cool Blue, 64 GB)","₹8,499","5,096 Ratings & 216 Reviews"
"POCO M4 Pro (Cool Blue, 128 GB)","₹16,499","1,59,987 Ratings & 14,165 Reviews"
"POCO C55 (Cool Blue, 128 GB)","₹9,999","3,149 Ratings & 134 Reviews"
"realme C30 (Lake Blue, 32 GB)","₹5,999","94,786 Ratings & 5,000 Reviews"
"realme C30 (Denim Black, 32 GB)","₹5,999","94,786 Ratings & 5,000 Reviews"
"realme C30 (Bamboo Green, 32 GB)","₹5,999","94,786 Ratings & 5,000 Reviews"
"POCO C31 (Shadow Gray, 32 GB)","₹8,499","1,39,876 Ratings & 8,817 Reviews"
"MOTOROLA e13 (Aurora Green, 64 GB)","₹7,749","8,029 Ratings & 706 Reviews"
"POCO C55 (Power Black, 64 GB)","₹8,499","5,096 Ratings & 216 Reviews"
"realme C30 (Denim Black, 32 GB)","₹6,999","44,081 Ratings & 2,770 Reviews"
"MOTOROLA G62 5G (Frosted Blue, 128 GB)","₹15,499","22,903 Ratings & 2,135 Reviews"
"realme C30 (Lake Blue, 32 GB)","₹6,999","44,081 Ratings & 2,770 Reviews"
"POCO M4 5G (Power Black, 64 GB)","₹12,999","62,247 Ratings & 4,525 Reviews"
"Infinix SMART 7 (Night Black, 64 GB)","₹7,499","7,272 Ratings & 364 Reviews"
"Infinix SMART 7 (Emerald Green, 64 GB)","₹7,499","7,272 Ratings & 364 Reviews"
"Infinix SMART 7 (Azure Blue, 64 GB)","₹7,499","7,272 Ratings & 364 Reviews"
"SAMSUNG Galaxy F14 5G (B.A.E. Purple, 128 GB)","₹15,990",
Nokia 105 SS,"₹1,299","34,824 Ratings & 2,385 Reviews"
"SAMSUNG Galaxy F14 5G (OMG Black, 128 GB)","₹15,990",
"MOTOROLA e40 (Carbon Gray, 64 GB)","₹8,499","76,165 Ratings & 7,043 Reviews"
"MOTOROLA g52 (Charcoal Grey, 64 GB)","₹10,999","13,681 Ratings & 1,538 Reviews"
"POCO M4 5G (Cool Blue, 64 GB)","₹12,999","62,247 Ratings & 4,525 Reviews"
"MOTOROLA G32 (Mineral Gray, 128 GB)","₹11,999",913 Ratings & 42 Reviews
"Realme C30 - Locked with Airtel Prepaid (Denim Black, 32 GB)","₹5,549","94,786 Ratings & 5,000 Reviews"
"SAMSUNG Galaxy F13 (Waterfall Blue, 64 GB)","₹10,999","1,33,514 Ratings & 7,609 Reviews"
"SAMSUNG Galaxy F14 5G (GOAT Green, 128 GB)","₹14,490",220 Ratings & 0 Reviews
"realme C30 (Bamboo Green, 32 GB)","₹6,999","44,081 Ratings & 2,770 Reviews"
"POCO M4 Pro (Cool Blue, 64 GB)","₹14,999","1,59,987 Ratings & 14,165 Reviews"
"POCO M4 5G (Cool Blue, 128 GB)","₹14,999","31,355 Ratings & 2,307 Reviews"
"MOTOROLA G62 5G (Midnight Gray, 128 GB)","₹16,499","8,033 Ratings & 724 Reviews"
"POCO C55 (Power Black, 128 GB)","₹9,999","3,149 Ratings & 134 Reviews"
"MOTOROLA G32 (Satin Silver, 128 GB)","₹11,999",913 Ratings & 42 Reviews
"POCO C55 (Forest Green, 64 GB)","₹8,499","5,096 Ratings & 216 Reviews"
"MOTOROLA g72 (Meteorite Grey, 128 GB)","₹14,999","12,523 Ratings & 1,648 Reviews"
"REDMI A1+ (Light Green, 32 GB)","₹6,999",748 Ratings & 56 Reviews
"SAMSUNG Galaxy F04 (Jade Purple, 64 GB)","₹9,249","6,661 Ratings & 219 Reviews"
Nokia 105 SS,"₹1,299","34,824 Ratings & 2,385 Reviews"
"SAMSUNG Galaxy F13 (Nightsky Green, 64 GB)","₹10,999","1,33,514 Ratings & 7,609 Reviews"
"realme 10 Pro 5G (Nebula Blue, 128 GB)","₹19,999","7,656 Ratings & 587 Reviews"
"realme 10 Pro 5G (Nebula Blue, 128 GB)","₹18,999","13,032 Ratings & 965 Reviews"
"MOTOROLA g52 (Charcoal Grey, 128 GB)","₹12,999","32,952 Ratings & 3,684 Reviews"
"MOTOROLA g31 (Meteorite Grey, 64 GB)","₹9,499","37,190 Ratings & 4,069 Reviews"
"POCO M4 5G (Power Black, 128 GB)","₹14,999","31,355 Ratings & 2,307 Reviews"
"REDMI A1+ (Light Blue, 32 GB)","₹6,999",748 Ratings & 56 Reviews
"MOTOROLA e13 (Cosmic Black, 64 GB)","₹7,749","8,029 Ratings & 706 Reviews"
"realme 10 Pro 5G (Hyperspace, 128 GB)","₹18,999","13,032 Ratings & 965 Reviews"
"realme 10 Pro 5G (Dark Matter, 128 GB)","₹18,999","13,032 Ratings & 965 Reviews"
"POCO M4 Pro (Yellow, 128 GB)","₹16,499","1,59,987 Ratings & 14,165 Reviews"
"MOTOROLA g31 (Baby Blue, 128 GB)","₹10,999","15,706 Ratings & 1,553 Reviews"
"MOTOROLA G32 (Mineral Gray, 64 GB)","₹10,499","33,144 Ratings & 3,079 Reviews"
"MOTOROLA g72 (Polar Blue, 128 GB)","₹14,999","12,523 Ratings & 1,648 Reviews"
"REDMI A1 (Black, 32 GB)","₹6,445","5,530 Ratings & 255 Reviews"
"MOTOROLA e13 (Creamy White, 64 GB)","₹7,749","8,029 Ratings & 706 Reviews"
"POCO M4 5G (Yellow, 64 GB)","₹12,999","62,247 Ratings & 4,525 Reviews"
"REDMI A1+ (Black, 32 GB)","₹6,999",748 Ratings & 56 Reviews
"MOTOROLA G62 5G (Frosted Blue, 128 GB)","₹16,499","8,033 Ratings & 724 Reviews"
"Infinix Hot 12 (Polar Black, 64 GB)","₹8,499","22,540 Ratings & 1,547 Reviews"
"Infinix Hot 12 (7° Purple, 64 GB)","₹8,499","22,540 Ratings & 1,547 Reviews"
"Infinix Hot 12 (Exploratory Blue, 64 GB)","₹8,499","22,540 Ratings & 1,547 Reviews"
"POCO C55 (Forest Green, 128 GB)","₹9,999","3,149 Ratings & 134 Reviews"
"vivo T1 44W (Starry Sky, 128 GB)","₹15,999","55,850 Ratings & 3,920 Reviews"
"SAMSUNG Galaxy F13 (Sunrise Copper, 64 GB)","₹10,999","1,33,514 Ratings & 7,609 Reviews"
"vivo T1 44W (Midnight Galaxy, 128 GB)","₹14,499","97,778 Ratings & 6,494 Reviews"
"vivo T1 44W (Starry Sky, 128 GB)","₹14,499","97,778 Ratings & 6,494 Reviews"
"Infinix Hot 12 (Turquoise Cyan, 64 GB)","₹8,499","22,540 Ratings & 1,547 Reviews"
"POCO C50 (Country Green, 32 GB)","₹6,499","11,805 Ratings & 442 Reviews"
"REDMI 10 (Shadow Black, 64 GB)","₹9,999","2,07,741 Ratings & 12,967 Reviews"
"POCO M4 5G (Cool Blue, 128 GB)","₹14,999","31,355 Ratings & 2,307 Reviews"
"SAMSUNG Galaxy F14 5G (OMG Black, 128 GB)","₹14,490",220 Ratings & 0 Reviews
"REDMI 10 (Shadow Black, 64 GB)","₹9,999","2,07,741 Ratings & 12,967 Reviews"
"SAMSUNG Galaxy F14 5G (OMG Black, 128 GB)","₹14,490",220 Ratings & 0 Reviews
"vivo T1 44W (Midnight Galaxy, 128 GB)","₹15,999","55,850 Ratings & 3,920 Reviews"
"MOTOROLA g22 (Cosmic Black, 64 GB)","₹9,499","31,658 Ratings & 3,608 Reviews"
"Realme C30 - Locked with Airtel Prepaid (Bamboo Green, 32 GB)","₹5,549","94,786 Ratings & 5,000 Reviews"
"REDMI 10 (Midnight Black, 128 GB)","₹11,999","27,867 Ratings & 1,943 Reviews"
"SAMSUNG Galaxy F23 5G (Forest Green, 128 GB)","₹16,999","1,74,572 Ratings & 13,590 Reviews"
"SAMSUNG Galaxy F14 5G (B.A.E. Purple, 128 GB)","₹14,490",220 Ratings & 0 Reviews
"MOTOROLA g52 (Metallic White, 128 GB)","₹12,999","32,952 Ratings & 3,684 Reviews"
"MOTOROLA g73 5G (Midnight Blue, 128 GB)","₹18,999","3,038 Ratings & 331 Reviews"
"Infinix Smart 6 HD (Aqua Sky, 32 GB)","₹5,999","27,342 Ratings & 1,497 Reviews"
"Infinix Smart 6 HD (Force Black, 32 GB)","₹5,999","27,342 Ratings & 1,497 Reviews"
"Infinix Smart 6 HD (Origin Blue, 32 GB)","₹5,999","27,342 Ratings & 1,497 Reviews"
"APPLE iPhone 14 Plus (Midnight, 128 GB)","₹79,999","7,500 Ratings & 473 Reviews"
"vivo T1 44W (Midnight Galaxy, 128 GB)","₹17,999","6,368 Ratings & 508 Reviews"
"APPLE iPhone 14 (Purple, 128 GB)","₹71,999","26,286 Ratings & 986 Reviews"
"REDMI A1 (Light Green, 32 GB)","₹6,455","5,530 Ratings & 255 Reviews"
"SAMSUNG Galaxy M33 5G (Mystique Green, 128 GB)","₹16,434","8,567 Ratings & 659 Reviews"
"POCO C50 (Country Green, 32 GB)","₹7,299","3,780 Ratings & 207 Reviews"
"realme C55 (Rainy Night, 128 GB)","₹13,999","1,325 Ratings & 0 Reviews"
"realme C55 (Rainy Night, 64 GB)","₹10,999","1,904 Ratings & 0 Reviews"
"realme C55 (Sunshower, 128 GB)","₹13,999","1,325 Ratings & 0 Reviews"
"realme C55 (Sunshower, 64 GB)","₹11,999",800 Ratings & 0 Reviews
"realme C55 (Sunshower, 64 GB)","₹10,999","1,904 Ratings & 0 Reviews"
"APPLE iPhone 14 (Starlight, 128 GB)","₹71,999","26,139 Ratings & 986 Reviews"
"SAMSUNG Galaxy F23 5G (Aqua Blue, 128 GB)","₹16,999","1,74,572 Ratings & 13,590 Reviews"
"APPLE iPhone 14 Plus (Starlight, 128 GB)","₹79,999","7,500 Ratings & 473 Reviews"
"SAMSUNG Galaxy F13 (Waterfall Blue, 128 GB)","₹11,999","1,33,514 Ratings & 7,609 Reviews"
"REDMI 10 Power (Power Black, 128 GB)","₹12,172","1,281 Ratings & 58 Reviews"
"REDMI 10 (Midnight Black, 64 GB)","₹9,999","2,07,741 Ratings & 12,967 Reviews"
"MOTOROLA g73 5G (Lucent White, 128 GB)","₹18,999","3,038 Ratings & 331 Reviews"
"OPPO A17k (Blue, 64 GB)","₹9,299","2,494 Ratings & 58 Reviews"
"POCO M4 Pro 5G (Cool Blue, 128 GB)","₹18,999","15,833 Ratings & 1,203 Reviews"
"Infinix HOT 20 Play (Luna Blue, 64 GB)","₹8,499","16,350 Ratings & 825 Reviews"
"Infinix HOT 20 Play (Racing Black, 64 GB)","₹8,499","16,350 Ratings & 825 Reviews"
"SAMSUNG Galaxy F23 5G (Copper Blush, 128 GB)","₹16,999","1,74,572 Ratings & 13,590 Reviews"
"APPLE iPhone 14 (Midnight, 128 GB)","₹71,999","26,139 Ratings & 986 Reviews"
"POCO M4 Pro 5G (Yellow, 64 GB)","₹14,999","45,111 Ratings & 3,753 Reviews"
"Infinix Hot 20 5G (Blaster Green, 128 GB)","₹13,499","2,455 Ratings & 193 Reviews"
"POCO M4 Pro (Yellow, 64 GB)","₹14,999","1,59,987 Ratings & 14,165 Reviews"
"Infinix HOT 20 Play (Aurora Green, 64 GB)","₹8,499","16,350 Ratings & 825 Reviews"
"APPLE iPhone 11 (Black, 128 GB)","₹45,999","1,89,129 Ratings & 10,984 Reviews"
"SAMSUNG Galaxy F13 (Sunrise Copper, 128 GB)","₹11,999","1,33,514 Ratings & 7,609 Reviews"
Nokia 150 DS 2020,"₹2,499","21,870 Ratings & 1,686 Reviews"
"Infinix HOT 20 Play (Fantasy Purple, 64 GB)","₹8,499","16,350 Ratings & 825 Reviews"
"Realme C30 - Locked with Airtel Prepaid (Lake Blue, 32 GB)","₹5,549","94,786 Ratings & 5,000 Reviews"
"vivo T1 44W (Ice Dawn, 128 GB)","₹14,499","97,778 Ratings & 6,494 Reviews"
"REDMI A1 (Light Blue, 32 GB)","₹6,360","5,541 Ratings & 255 Reviews"
Nokia 150 DS 2020,"₹2,499","21,870 Ratings & 1,686 Reviews"
Nokia 105 PLUS,"₹1,399","8,006 Ratings & 547 Reviews"
"SAMSUNG Galaxy F13 (Nightsky Green, 128 GB)","₹11,999","1,33,514 Ratings & 7,609 Reviews"
"Infinix HOT 20 Play (Fantasy Purple, 64 GB)","₹8,499","16,350 Ratings & 825 Reviews"
"vivo T1 44W (Ice Dawn, 128 GB)","₹15,999","55,850 Ratings & 3,920 Reviews"
"SAMSUNG Galaxy M04 (Dark Blue, 64 GB)","₹8,648",810 Ratings & 57 Reviews
"POCO X5 Pro 5G (Horizon Blue, 128 GB)","₹22,999","3,580 Ratings & 379 Reviews"
Nokia 150 TA-1235 DS,"₹2,499","12,670 Ratings & 911 Reviews"
"Micromax IN 2C (Silver, 32 GB)","₹5,999","4,127 Ratings & 439 Reviews"
"realme 10 Pro+ 5G (Nebula Blue, 256 GB)","₹27,999","7,031 Ratings & 734 Reviews"
"APPLE iPhone 11 (Black, 64 GB)","₹40,999","1,89,129 Ratings & 10,984 Reviews"
SAMSUNG GURU MUSIC 2,"₹2,070","3,570 Ratings & 278 Reviews"
"Infinix Hot 20 5G (Space Blue, 128 GB)","₹13,499","2,455 Ratings & 193 Reviews"
"REDMI 10 (Caribbean Green, 128 GB)","₹11,999","27,867 Ratings & 1,943 Reviews"
"POCO M4 5G (Yellow, 128 GB)","₹14,999","31,355 Ratings & 2,307 Reviews"
"Google Pixel 6a (Charcoal, 128 GB)","₹30,999","34,646 Ratings & 4,181 Reviews"
"Google Pixel 6a (Chalk, 128 GB)","₹30,999","34,646 Ratings & 4,181 Reviews"
"OnePlus Nord CE 2 Lite 5G (Blue Tide, 128 GB)","₹19,640","54,000 Ratings & 3,987 Reviews"
"POCO M4 Pro 5G (Yellow, 128 GB)","₹16,999","52,474 Ratings & 4,417 Reviews"
"REDMI 10 (Sunrise Orange, 64 GB)","₹9,999","2,07,741 Ratings & 12,967 Reviews"
LAVA A3,"₹1,259","19,470 Ratings & 2,132 Reviews"
LAVA GEM,"₹1,659","30,316 Ratings & 3,218 Reviews"
"Micromax IN 2C (Brown, 32 GB)","₹5,999","4,127 Ratings & 439 Reviews"
"SAMSUNG Galaxy M04 (Light Green, 64 GB)","₹8,935",810 Ratings & 57 Reviews
"REDMI Note 12 Pro 5G (Stardust Purple, 128 GB)","₹24,999","14,060 Ratings & 1,389 Reviews"
"POCO M5 (Power Black, 128 GB)","₹12,499","1,944 Ratings & 125 Reviews"
Micromax J22,"₹1,185",423 Ratings & 32 Reviews
"POCO X5 Pro 5G (Astral Black, 128 GB)","₹22,999","3,580 Ratings & 379 Reviews"
"REDMI 10A (Slate Grey, 32 GB)","₹8,345","2,215 Ratings & 141 Reviews"
"realme C33 (Sandy Gold, 64 GB)","₹9,999","63,864 Ratings & 2,773 Reviews"
"realme C33 (Night Sea, 64 GB)","₹9,999","63,864 Ratings & 2,773 Reviews"
"MOTOROLA G62 5G (Midnight Gray, 128 GB)","₹15,499","22,903 Ratings & 2,135 Reviews"
"POCO M4 Pro (Power Black, 128 GB)","₹17,999","15,340 Ratings & 1,311 Reviews"
"SAMSUNG Galaxy F14 5G (GOAT Green, 128 GB)","₹15,990",
"realme 10 Pro+ 5G (Dark Matter, 128 GB)","₹24,999","16,135 Ratings & 1,498 Reviews"
"realme 10 Pro+ 5G (Nebula Blue, 128 GB)","₹25,999","7,031 Ratings & 734 Reviews"
"realme 10 Pro+ 5G (Nebula Blue, 128 GB)","₹24,999","16,135 Ratings & 1,498 Reviews"
"realme 10 Pro+ 5G (Hyperspace, 128 GB)","₹25,999","7,031 Ratings & 734 Reviews"
"realme 10 Pro+ 5G (Hyperspace, 128 GB)","₹24,999","16,135 Ratings & 1,498 Reviews"
"MOTOROLA e13 (Aurora Green, 64 GB)","₹6,999","1,426 Ratings & 112 Reviews"
"MOTOROLA g82 5G (Meterorite Grey, 128 GB)","₹21,499","5,206 Ratings & 615 Reviews"
"POCO X5 Pro 5G (Yellow, 256 GB)","₹24,999","3,659 Ratings & 378 Reviews"
"REDMI 10 (Caribbean Green, 64 GB)","₹9,999","2,07,741 Ratings & 12,967 Reviews"
"Infinix NOTE 12i (Alpine White, 64 GB)","₹10,499","3,202 Ratings & 334 Reviews"
"REDMI 10 Power (Power Black, 128 GB)","₹12,170","1,281 Ratings & 58 Reviews"
"REDMI 10A (Charcoal Black, 64 GB)","₹8,977","7,623 Ratings & 423 Reviews"
"realme C33 (Sandy Gold, 32 GB)","₹8,999","21,504 Ratings & 886 Reviews"
"realme C33 (Aqua Blue, 32 GB)","₹8,999","21,504 Ratings & 886 Reviews"
itel It2171,₹999,"4,634 Ratings & 388 Reviews"
"realme C33 (Night Sea, 32 GB)","₹8,999","21,504 Ratings & 886 Reviews"
"REDMI 10 (Pacific Blue, 128 GB)","₹11,999","27,867 Ratings & 1,943 Reviews"
"realme C33 (Aqua Blue, 64 GB)","₹9,999","63,864 Ratings & 2,773 Reviews"
"REDMI Note 12 Pro 5G (Glacier Blue, 256 GB)","₹27,999","5,926 Ratings & 585 Reviews"
LAVA A1 Josh 2021,"₹1,039","7,997 Ratings & 672 Reviews"
GFive U707,₹749,"11,279 Ratings & 1,040 Reviews"
"realme C33 2023 (Night Sea, 128 GB)","₹10,499",
"realme C33 2023 (Sandy Gold, 128 GB)","₹10,499",
"realme C33 2023 (Aqua Blue, 128 GB)","₹10,499",
"Infinix Note 12 Pro 5G (Snowfall, 128 GB)","₹16,999","22,267 Ratings & 2,641 Reviews"
"Infinix Note 12 Pro 5G (Force Black, 128 GB)","₹16,999","22,267 Ratings & 2,641 Reviews"
"vivo T1X (Gravity Black, 64 GB)","₹11,999","86,077 Ratings & 4,780 Reviews"
"vivo T1X (Gravity Black, 128 GB)","₹12,999","86,077 Ratings & 4,780 Reviews"
"realme 10 Pro+ 5G (Dark Matter, 128 GB)","₹25,999","7,031 Ratings & 734 Reviews"
Micromax X412,₹940,"15,363 Ratings & 1,306 Reviews"
I Kall K100,₹704,"6,074 Ratings & 561 Reviews"
"Infinix NOTE 12i (Metaverse Blue, 64 GB)","₹10,499","3,202 Ratings & 334 Reviews"
Nokia 150 DS 2020,"₹2,499","21,870 Ratings & 1,686 Reviews"
"OnePlus Nord CE 2 Lite 5G (Blue Tide, 128 GB)","₹21,989","4,291 Ratings & 359 Reviews"
"SAMSUNG Galaxy A03 Core (Onyx, 32 GB)","₹7,099","3,082 Ratings & 256 Reviews"
"vivo T1X (Gravity Black, 128 GB)","₹14,999","4,749 Ratings & 278 Reviews"
"vivo T1X (Space Blue, 128 GB)","₹14,999","4,749 Ratings & 278 Reviews"
"vivo T1X (Space Blue, 128 GB)","₹12,999","86,077 Ratings & 4,780 Reviews"
"APPLE iPhone 14 Plus (Blue, 128 GB)","₹79,999","7,500 Ratings & 473 Reviews"
"OPPO A17 (Midnight Black, 64 GB)","₹12,499","3,436 Ratings & 126 Reviews"
"realme 9i 5G (Rocking Black, 64 GB)","₹14,999","43,749 Ratings & 2,078 Reviews"
"MOTOROLA G40 Fusion (Frosted Champagne, 64 GB)","₹10,999","33,008 Ratings & 3,705 Reviews"
"realme 9i 5G (Metallica Gold, 64 GB)","₹14,999","43,749 Ratings & 2,078 Reviews"
SAMSUNG Guru Music 2,"₹2,160","2,01,157 Ratings & 18,561 Reviews"
"SAMSUNG Galaxy M33 5G (Deep Ocean Blue, 128 GB)","₹18,488","1,504 Ratings & 107 Reviews"
"REDMI A1+ (Light Blue, 32 GB)","₹7,999",473 Ratings & 32 Reviews
"POCO M4 Pro 5G (Yellow, 128 GB)","₹18,999","15,833 Ratings & 1,203 Reviews"
"APPLE iPhone 11 (White, 64 GB)","₹40,999","1,89,129 Ratings & 10,984 Reviews"
"OPPO A17 (Sunlight Orange, 64 GB)","₹12,499","3,436 Ratings & 126 Reviews"
"SAMSUNG Galaxy S22 Plus 5G (Phantom Black, 128 GB)","₹69,999","2,663 Ratings & 290 Reviews"
Micromax J22,"₹1,168",423 Ratings & 32 Reviews
"OPPO F19s (Glowing Gold, 128 GB)","₹15,990","10,717 Ratings & 587 Reviews"
"REDMI A1+ (Light Green, 32 GB)","₹7,999",473 Ratings & 32 Reviews
"REDMI Note 11S (Polar White, 64 GB)","₹14,215","2,624 Ratings & 189 Reviews"
"Infinix NOTE 12i (Force Black, 64 GB)","₹10,499","3,202 Ratings & 334 Reviews"
"vivo Y15s (Wave Green, 32 GB)","₹9,499","4,059 Ratings & 297 Reviews"
"Nothing Phone (1) (Black, 128 GB)","₹29,999","59,293 Ratings & 7,483 Reviews"
"vivo V27 5G (Magic Blue, 128 GB)","₹32,999","2,693 Ratings & 186 Reviews"
"REDMI Note 12 Pro 5G (Glacier Blue, 128 GB)","₹24,999","14,060 Ratings & 1,389 Reviews"
Micromax X412,₹954,"15,363 Ratings & 1,306 Reviews"
"realme 9i 5G (Soulful Blue, 64 GB)","₹14,999","43,749 Ratings & 2,078 Reviews"
itel MagicX Pro (4G Hotspot),"₹2,649",601 Ratings & 73 Reviews
"POCO M4 Pro (Cool Blue, 128 GB)","₹17,999","15,340 Ratings & 1,311 Reviews"
Micromax X818,"₹1,528","2,634 Ratings & 210 Reviews"
"realme 9i 5G (Rocking Black, 128 GB)","₹16,999","6,128 Ratings & 428 Reviews"
"MOTOROLA edge 30 (Meteor Grey, 128 GB)","₹22,999","9,487 Ratings & 1,231 Reviews"
Micromax X512,"₹1,150",468 Ratings & 29 Reviews
"REDMI Note 11 (Starburst White, 64 GB)","₹12,999","1,449 Ratings & 106 Reviews"
"REDMI Note 11 (Horizon Blue, 64 GB)","₹13,000","1,449 Ratings & 106 Reviews"
"MOTOROLA G40 Fusion (Dynamic Gray, 64 GB)","₹10,999","33,008 Ratings & 3,705 Reviews"
"REDMI 10 Power (Sporty Orange, 128 GB)","₹11,700","1,281 Ratings & 58 Reviews"
"vivo T1 44W (Starry Sky, 128 GB)","₹18,999","6,368 Ratings & 508 Reviews"
"REDMI 10A (Charcoal Black, 64 GB)","₹8,349","7,612 Ratings & 423 Reviews"
"REDMI 10A (Sea Blue, 32 GB)","₹7,999","2,215 Ratings & 141 Reviews"
"REDMI 10A (Sea Blue, 64 GB)","₹8,689","7,612 Ratings & 423 Reviews"
"REDMI 10A (Slate Grey, 32 GB)","₹7,499","2,215 Ratings & 141 Reviews"
"SAMSUNG Galaxy M33 5G (Deep Ocean Blue, 128 GB)","₹16,150","8,567 Ratings & 659 Reviews"
GFive U707,₹749,"11,279 Ratings & 1,040 Reviews"
"OnePlus Nord CE 2 Lite 5G (Blue Tide, 128 GB)","₹19,499","54,000 Ratings & 3,987 Reviews"
"OnePlus 11R 5G (Galactic Silver, 256 GB)","₹44,645",219 Ratings & 10 Reviews
"REDMI 10A (Slate grey, 64 GB)","₹8,690","7,612 Ratings & 423 Reviews"
DIZO Star 500,"₹1,790","13,151 Ratings & 1,512 Reviews"
"SAMSUNG Galaxy M04 (Light Green, 64 GB)","₹8,477",810 Ratings & 57 Reviews
"REDMI Note 11 (Starburst White, 128 GB)","₹14,850","1,449 Ratings & 106 Reviews"
"REDMI Note 11 (Space Black, 64 GB)","₹12,842","1,449 Ratings & 106 Reviews"
"REDMI 10A (Charcoal Black, 32 GB)","₹7,999","2,215 Ratings & 141 Reviews"
SAMSUNG GURU 1200,"₹1,599","1,320 Ratings & 87 Reviews"
LAVA A3,"₹1,212","27,782 Ratings & 2,835 Reviews"
Kechaoda K112,"₹1,540","20,518 Ratings & 2,136 Reviews"
"Infinix HOT 20 5G (Space Blue, 64 GB)","₹11,499","5,211 Ratings & 395 Reviews"
"Infinix HOT 20 5G (Blaster Green, 64 GB)","₹11,499","5,211 Ratings & 395 Reviews"
LAVA Hero 600i,₹918,327 Ratings & 23 Reviews
"MOTOROLA G32 (Satin Silver, 64 GB)","₹10,499","33,144 Ratings & 3,079 Reviews"
"realme Narzo 50 (Speed Blue, 64 GB)","₹11,980","16,622 Ratings & 1,066 Reviews"
"Infinix Zero 5G 2023 (Submariner Black, 128 GB)","₹15,999",761 Ratings & 72 Reviews
LAVA Hero 600i,₹910,327 Ratings & 23 Reviews
Kechaoda K66 The Music House 4,"₹1,210","16,762 Ratings & 1,257 Reviews"
"POCO X5 Pro 5G (Yellow, 128 GB)","₹22,999","3,580 Ratings & 379 Reviews"
"realme C30s (Stripe Blue, 32 GB)","₹6,999","5,118 Ratings & 177 Reviews"
"realme C30s (Stripe Black, 32 GB)","₹6,999","5,118 Ratings & 177 Reviews"
"MOTOROLA e13 (Cosmic Black, 64 GB)","₹6,999","1,426 Ratings & 112 Reviews"
"SAMSUNG Galaxy S22 Plus 5G (Green, 128 GB)","₹69,999","2,663 Ratings & 290 Reviews"
"Infinix Hot 12 Pro (Lightsaber Green, 64 GB)","₹9,499","9,441 Ratings & 552 Reviews"
"Infinix Hot 12 Pro (Electric Blue, 64 GB)","₹9,499","9,441 Ratings & 552 Reviews"
Kechaoda A26,"₹1,049","15,113 Ratings & 1,051 Reviews"
Kechaoda A26,"₹1,049","15,113 Ratings & 1,051 Reviews"
"realme Narzo 50A Prime (Flash Blue, 128 GB)","₹11,915",594 Ratings & 31 Reviews
"realme NARZO 50A PRIME (FLASH BLUE, 64 GB)","₹10,633",594 Ratings & 31 Reviews
Micromax X778,"₹1,444","2,677 Ratings & 266 Reviews"
"OnePlus Nord CE 2 Lite 5G (Black Dusk, 128 GB)","₹21,873","4,291 Ratings & 359 Reviews"
